Model,NLL,Params,AIC,BIC,Δ AIC,Δ BIC
(1-c)*a - c*b,8726.052673297896,30,17512.105346595792,17602.42440541868,0.0,0.0
a - b,9154.759377234617,20,18349.518754469234,18409.73146035116,837.4134078734423,807.3070549324802
a - b + d*c,9154.759377222113,31,18371.518754444227,18464.84844856121,859.4134078484349,862.4240431425314
c*(a-b) [YOUR HYPOTHESIS],10397.207708399203,30,20854.415416798405,20944.73447562129,3342.310070202613,3342.310070202613
c*a - c*b,10397.207708399203,30,20854.415416798405,20944.73447562129,3342.310070202613,3342.310070202613
