character_name,total_games,wins,win_rate_bayesian,uncertainty_std,confidence_interval_lower,confidence_interval_upper
Alice,10508,5838,0.5555661274976214,0.00484673681130893,0.5460665233474559,0.5650657316477868
Bob,10506,5880,0.5596688237533308,0.004842555193329929,0.5501774155744041,0.5691602319322575
Charlie,10579,5730,0.5416312257820622,0.004843680412610732,0.5321376121733452,0.5511248393907793
Diana,10407,5595,0.5376116821980979,0.0048866632333740894,0.5280338222606846,0.5471895421355111
Male,21085,11610,0.5506236069616351,0.003425428005238494,0.5439097680713677,0.5573374458519026
Female,20915,11433,0.5466367069847492,0.003442012898697451,0.5398903617033022,0.5533830522661962
