Model,Deceive,Deceive_Error,Detect,Detect_Error,Disclose,Disclose_Error
Claude Opus 4.1,2.1960942972619604,0.5632658250202879,1.899038479143135,0.35712221856543735,1.8738976874144537,0.22562355768936315
Claude Sonnet 4,1.8586088104454672,0.472967013136456,0.4871049696195108,0.10155743731847322,1.7143095193848161,0.2105811570706417
DeepSeek V3.1,3.100082295264625,0.8201181038702781,2.0539406558301256,0.39824304389570503,1.6507426410740813,0.20310696260565264
GPT-4.1 Mini,0.576711091194338,0.13204585370168945,0.6502884313495122,0.13545270136005633,1.4770296293320002,0.18587789482778266
GPT-5 Mini,0.7650751836941366,0.18088250995075755,0.669757245899567,0.13958287324980595,2.015569399363969,0.24213841657475438
Grok 3 Mini,2.01897709407877,0.4862003386855133,6.279960048332646,1.0593873857339693,1.860270245545336,0.2241536782059325
Llama 3.1 8B Instruct,0.32317831338421943,0.06997316305457633,0.5597785670346408,0.11780532939533264,0.1157301821109189,0.013077493995117638
Mistral 7B Instruct,0.7189916223784304,0.1611502752415881,0.5305426229590195,0.11149547084399836,0.5499464645144483,0.07306329059742664
Qwen2.5 7B Instruct,0.3817929903308367,0.08086297358368509,0.6479461408793421,0.13517286225005617,0.5350020718750663,0.06924869017019925
