{
  "models": [
    "Llama 3.1 8B",
    "Qwen2.5 7B Instruct",
    "Gemini 2.5 Flash Lite",
    "Mistral 7B Instruct",
    "GPT-4.1 Mini",
    "DeepSeek V3.1",
    "Claude Opus 4.1",
    "Claude Sonnet 4",
    "GPT-5 Mini",
    "Grok 3 Mini"
  ],
  "win_rates": [
    19.607843137254903,
    45.09803921568628,
    51.9607843137255,
    53.92156862745098,
    62.745098039215684,
    63.725490196078425,
    66.66666666666666,
    68.62745098039215,
    74.50980392156863,
    78.43137254901961
  ],
  "tie_win_rates": [
    4.0,
    4.0,
    5.0,
    4.0,
    6.0,
    6.0,
    0.0,
    3.0,
    0.0,
    5.0
  ],
  "errors": [
    3.9120386774527636,
    4.902912528965799,
    4.9228566622677,
    4.911469931532859,
    4.763903999883358,
    4.73738582502206,
    13.074409009212271,
    4.571989507642284,
    4.294125035741861,
    4.05263555019537
  ],
  "companies": [
    "Meta",
    "Alibaba",
    "Google",
    "Mistral AI",
    "OpenAI",
    "DeepSeek",
    "Anthropic",
    "Anthropic",
    "OpenAI",
    "X"
  ],
  "background": "GPT-4.1 Mini",
  "use_good_wins": true
}