{
  "models": [
    "Llama 3.1 8B",
    "Qwen2.5 7B Instruct",
    "Mistral 7B Instruct",
    "Grok 3 Mini",
    "Gemini 2.5 Flash Lite",
    "DeepSeek V3.1",
    "GPT-5 Mini",
    "Claude Opus 4.1",
    "GPT-5",
    "GPT-4.1 Mini",
    "Claude Sonnet 4",
    "DeepSeek R1"
  ],
  "win_rates": [
    26.0,
    46.0,
    49.3,
    54.0,
    56.99999999999999,
    56.99999999999999,
    59.0,
    60.0,
    61.53846153846154,
    62.0,
    63.0,
    70.0
  ],
  "tie_win_rates": [
    9.0,
    9.0,
    6.5,
    9.0,
    6.0,
    7.000000000000001,
    0.0,
    0.0,
    0.0,
    6.0,
    4.0,
    0.0
  ],
  "errors": [
    4.386342439892262,
    4.983974317750845,
    1.5809838708854687,
    4.983974317750845,
    4.950757517794625,
    4.950757517794625,
    4.9183330509431755,
    15.491933384829668,
    13.493200297031219,
    4.853864439804639,
    4.828043081829325,
    14.491376746189438
  ],
  "companies": [
    "Meta",
    "Alibaba",
    "Mistral AI",
    "X",
    "Google",
    "DeepSeek",
    "OpenAI",
    "Anthropic",
    "OpenAI",
    "OpenAI",
    "Anthropic",
    "DeepSeek"
  ],
  "background": "Mistral 7B Instruct",
  "use_good_wins": true
}