{
  "models": [
    "Llama 3.1 8B",
    "Mistral 7B Instruct",
    "Qwen2.5 7B Instruct",
    "Claude Opus 4.1",
    "GPT-4.1 Mini",
    "Grok 3 Mini",
    "GPT-5 Mini",
    "Claude Sonnet 4",
    "Gemini 2.5 Flash Lite",
    "DeepSeek V3.1"
  ],
  "win_rates": [
    28.431372549019606,
    61.76470588235294,
    74.50980392156863,
    83.33333333333334,
    87.25490196078431,
    91.17647058823529,
    94.11764705882352,
    95.09803921568627,
    96.07843137254902,
    97.05882352941177
  ],
  "tie_win_rates": [
    12.0,
    1.0,
    4.0,
    0.0,
    0.0,
    0.0,
    0.0,
    0.0,
    0.0,
    0.0
  ],
  "errors": [
    4.444691728562248,
    4.788326922173238,
    4.294125035741861,
    10.336227882434038,
    3.2858512217357054,
    2.7947563068228605,
    2.3184218309748075,
    2.1274143540891823,
    1.9126004313887537,
    1.6647899311420227
  ],
  "companies": [
    "Meta",
    "Mistral AI",
    "Alibaba",
    "Anthropic",
    "OpenAI",
    "X",
    "OpenAI",
    "Anthropic",
    "Google",
    "DeepSeek"
  ],
  "background": "Grok 3 Mini",
  "use_good_wins": true
}