{
  "models": [
    "Llama 3.1 8B",
    "Qwen2.5 7B Instruct",
    "Mistral 7B Instruct",
    "Gemini 2.5 Flash Lite",
    "Claude Opus 4.1",
    "GPT-4.1 Mini",
    "DeepSeek R1",
    "Claude Sonnet 4",
    "Grok 3 Mini",
    "GPT-5 Mini",
    "DeepSeek V3.1",
    "GPT-5"
  ],
  "win_rates": [
    17.0,
    28.000000000000004,
    45.0,
    50.0,
    50.0,
    60.0,
    60.0,
    62.0,
    64.0,
    69.0,
    70.0,
    80.0
  ],
  "tie_win_rates": [
    4.0,
    2.0,
    3.0,
    1.0,
    0.0,
    0.0,
    0.0,
    1.0,
    0.0,
    0.0,
    3.0,
    0.0
  ],
  "errors": [
    3.75632799419859,
    4.48998886412873,
    4.9749371855331,
    5.0,
    15.811388300841896,
    4.898979485566356,
    15.491933384829668,
    4.853864439804639,
    4.8,
    4.624932431938871,
    4.582575694955841,
    12.649110640673516
  ],
  "companies": [
    "Meta",
    "Alibaba",
    "Mistral AI",
    "Google",
    "Anthropic",
    "OpenAI",
    "DeepSeek",
    "Anthropic",
    "X",
    "OpenAI",
    "DeepSeek",
    "OpenAI"
  ],
  "background": "DeepSeek V3.1",
  "use_good_wins": true
}