{
  "models": [
    "Llama 3.1 8B",
    "Mistral 7B Instruct",
    "Qwen2.5 7B Instruct",
    "Gemini 2.5 Flash Lite",
    "Claude Sonnet 4",
    "DeepSeek V3.1",
    "GPT-4.1 Mini",
    "GPT-5 Mini",
    "Grok 3 Mini",
    "DeepSeek R1",
    "Claude Opus 4.1",
    "GPT-5"
  ],
  "win_rates": [
    23.0,
    45.0,
    56.99999999999999,
    61.0,
    64.0,
    65.0,
    66.0,
    67.2316384180791,
    75.0,
    79.7872340425532,
    80.0,
    81.81818181818183
  ],
  "tie_win_rates": [
    0.0,
    0.0,
    0.0,
    0.0,
    0.0,
    0.0,
    0.0,
    5.084745762711865,
    0.0,
    0.0,
    0.0,
    0.0
  ],
  "errors": [
    4.208325082500163,
    4.9749371855331,
    4.950757517794625,
    4.877499359302879,
    4.8,
    4.769696007084727,
    4.737087712930804,
    3.5279918884732746,
    4.330127018922194,
    4.142053001209846,
    12.649110640673516,
    11.629129983033296
  ],
  "companies": [
    "Meta",
    "Mistral AI",
    "Alibaba",
    "Google",
    "Anthropic",
    "DeepSeek",
    "OpenAI",
    "OpenAI",
    "X",
    "DeepSeek",
    "Anthropic",
    "OpenAI"
  ],
  "background": "GPT-5 Mini",
  "use_good_wins": true
}