{
  "models": [
    "Llama 3.1 8B",
    "Qwen2.5 7B Instruct",
    "Mistral 7B Instruct",
    "Gemini 2.5 Flash Lite",
    "Claude Opus 4.1",
    "GPT-4.1 Mini",
    "Claude Sonnet 4",
    "Grok 3 Mini",
    "GPT-5 Mini",
    "DeepSeek V3.1"
  ],
  "win_rates": [
    17.647058823529413,
    28.431372549019606,
    45.09803921568628,
    50.0,
    50.0,
    59.80392156862745,
    61.76470588235294,
    63.725490196078425,
    68.62745098039215,
    69.6078431372549
  ],
  "tie_win_rates": [
    4.0,
    2.0,
    3.0,
    1.0,
    0.0,
    0.0,
    1.0,
    0.0,
    0.0,
    3.0
  ],
  "errors": [
    3.756272679018926,
    4.444691728562248,
    4.902912528965799,
    4.926646390821466,
    13.867504905630728,
    4.831011393712161,
    4.788326922173238,
    4.73738582502206,
    4.571989507642284,
    4.5320139412985405
  ],
  "companies": [
    "Meta",
    "Alibaba",
    "Mistral AI",
    "Google",
    "Anthropic",
    "OpenAI",
    "Anthropic",
    "X",
    "OpenAI",
    "DeepSeek"
  ],
  "background": "DeepSeek V3.1",
  "use_good_wins": true
}