{
  "models": [
    "Llama 3.1 8B",
    "Qwen2.5 7B Instruct",
    "Mistral 7B Instruct",
    "Grok 3 Mini",
    "Gemini 2.5 Flash Lite",
    "DeepSeek V3.1",
    "Claude Opus 4.1",
    "GPT-5 Mini",
    "GPT-5",
    "GPT-4.1 Mini",
    "Claude Sonnet 4"
  ],
  "win_rates": [
    26.47058823529412,
    46.07843137254902,
    49.30139720558882,
    53.92156862745098,
    56.86274509803921,
    56.86274509803921,
    58.333333333333336,
    58.82352941176471,
    60.0,
    61.76470588235294,
    62.745098039215684
  ],
  "tie_win_rates": [
    9.0,
    9.0,
    6.5,
    9.0,
    6.0,
    7.000000000000001,
    0.0,
    0.0,
    0.0,
    6.0,
    4.0
  ],
  "errors": [
    4.347040933077764,
    4.911469931532859,
    1.578618334682533,
    4.911469931532859,
    4.880019427105349,
    4.880019427105349,
    13.673544235706117,
    4.849327176551406,
    12.24744871391589,
    4.788326922173238,
    4.763903999883358
  ],
  "companies": [
    "Meta",
    "Alibaba",
    "Mistral AI",
    "X",
    "Google",
    "DeepSeek",
    "Anthropic",
    "OpenAI",
    "OpenAI",
    "OpenAI",
    "Anthropic"
  ],
  "background": "Mistral 7B Instruct",
  "use_good_wins": true
}