{
  "models": [
    "Llama 3.1 8B",
    "Mistral 7B Instruct",
    "Qwen2.5 7B Instruct",
    "Gemini 2.5 Flash Lite",
    "Claude Sonnet 4",
    "DeepSeek V3.1",
    "GPT-4.1 Mini",
    "GPT-5 Mini",
    "Grok 3 Mini",
    "Claude Opus 4.1"
  ],
  "win_rates": [
    23.52941176470588,
    45.09803921568628,
    56.86274509803921,
    60.78431372549019,
    63.725490196078425,
    64.70588235294117,
    65.68627450980392,
    67.0391061452514,
    74.50980392156863,
    75.0
  ],
  "tie_win_rates": [
    0.0,
    0.0,
    0.0,
    0.0,
    0.0,
    0.0,
    0.0,
    5.084745762711865,
    0.0,
    0.0
  ],
  "errors": [
    4.1795943948673875,
    4.902912528965799,
    4.880019427105349,
    4.810686503570259,
    4.73738582502206,
    4.708736998246439,
    4.677918373668941,
    3.50370348644819,
    4.294125035741861,
    12.009611535381536
  ],
  "companies": [
    "Meta",
    "Mistral AI",
    "Alibaba",
    "Google",
    "Anthropic",
    "DeepSeek",
    "OpenAI",
    "OpenAI",
    "X",
    "Anthropic"
  ],
  "background": "GPT-5 Mini",
  "use_good_wins": true
}