role,total_games,total_wins,total_win_rate_pct,total_uncertainty_pct,last_speaker_games,last_speaker_wins,last_speaker_win_rate_pct,last_speaker_uncertainty_pct
detective,14000,9043,64.59077274675047,0.4041410079936437,4646,3331,71.6867469879518,0.6607460088803851
mafioso,14000,4957,35.40922725324954,0.4041410079936437,4710,1952,41.44736842105263,0.7175843693922056
villager,14000,9043,64.59077274675047,0.4041410079936437,4644,2954,63.60309944037882,0.705805445427238
