{
  "models": [
    "Llama 3.1 8B",
    "Qwen2.5 7B Instruct",
    "GPT-5 Mini",
    "Mistral 7B Instruct",
    "GPT-4.1 Mini",
    "DeepSeek R1",
    "Grok 3 Mini",
    "Gemini 2.5 Flash Lite",
    "Claude Sonnet 4",
    "Claude Opus 4.1",
    "DeepSeek V3.1",
    "GPT-5"
  ],
  "win_rates": [
    20.0,
    25.0,
    34.0,
    36.0,
    37.0,
    40.0,
    47.0,
    48.0,
    55.00000000000001,
    56.99999999999999,
    57.99999999999999,
    60.0
  ],
  "tie_win_rates": [
    7.000000000000001,
    7.000000000000001,
    0.0,
    14.000000000000002,
    16.0,
    0.0,
    0.0,
    1.0,
    0.0,
    0.0,
    9.0,
    0.0
  ],
  "errors": [
    4.0,
    4.330127018922194,
    4.737087712930804,
    4.8,
    4.828043081829325,
    15.491933384829668,
    4.990991885387111,
    4.995998398718719,
    4.9749371855331,
    4.950757517794625,
    4.935585071701227,
    15.491933384829668
  ],
  "companies": [
    "Meta",
    "Alibaba",
    "OpenAI",
    "Mistral AI",
    "OpenAI",
    "DeepSeek",
    "X",
    "Google",
    "Anthropic",
    "Anthropic",
    "DeepSeek",
    "OpenAI"
  ],
  "background": "GPT-4.1 Mini",
  "use_good_wins": false
}