{
  "models": [
    "Qwen2.5 7B Instruct",
    "Mistral 7B Instruct",
    "GPT-4.1 Mini",
    "Llama 3.1 8B",
    "Grok 3 Mini",
    "GPT-5 Mini",
    "Claude Sonnet 4",
    "Claude Opus 4.1",
    "Gemini 2.5 Flash Lite",
    "DeepSeek V3.1"
  ],
  "win_rates": [
    3.9215686274509802,
    11.76470588235294,
    11.76470588235294,
    12.745098039215685,
    14.705882352941178,
    17.647058823529413,
    17.647058823529413,
    23.52941176470588,
    24.509803921568626,
    30.392156862745097
  ],
  "tie_win_rates": [
    2.0,
    4.0,
    3.0,
    5.0,
    0.0,
    0.0,
    0.0,
    1.0,
    4.0,
    2.0
  ],
  "errors": [
    1.9126004313887544,
    3.174629836593329,
    3.174629836593329,
    3.2858512217357054,
    3.4896869689024936,
    3.756272679018926,
    3.756272679018926,
    4.1795943948673875,
    4.238347708699244,
    4.5320139412985405
  ],
  "companies": [
    "Alibaba",
    "Mistral AI",
    "OpenAI",
    "Meta",
    "X",
    "OpenAI",
    "Anthropic",
    "Anthropic",
    "Google",
    "DeepSeek"
  ],
  "background": "DeepSeek V3.1",
  "use_good_wins": false
}