{
  "models": [
    "Llama 3.1 8B",
    "Qwen2.5 7B Instruct",
    "GPT-5 Mini",
    "Mistral 7B Instruct",
    "GPT-4.1 Mini",
    "Grok 3 Mini",
    "Gemini 2.5 Flash Lite",
    "Claude Sonnet 4",
    "Claude Opus 4.1",
    "DeepSeek V3.1",
    "GPT-5"
  ],
  "win_rates": [
    20.588235294117645,
    25.49019607843137,
    34.31372549019608,
    36.27450980392157,
    37.254901960784316,
    47.05882352941176,
    48.03921568627451,
    54.90196078431373,
    56.86274509803921,
    57.84313725490197,
    58.333333333333336
  ],
  "tie_win_rates": [
    7.000000000000001,
    7.000000000000001,
    0.0,
    14.000000000000002,
    16.0,
    0.0,
    1.0,
    0.0,
    0.0,
    9.0,
    0.0
  ],
  "errors": [
    3.9841288249800635,
    4.294125035741861,
    4.677918373668941,
    4.73738582502206,
    4.763903999883358,
    4.918115394999654,
    4.9228566622677,
    4.902912528965799,
    4.880019427105349,
    4.865656540778747,
    13.673544235706117
  ],
  "companies": [
    "Meta",
    "Alibaba",
    "OpenAI",
    "Mistral AI",
    "OpenAI",
    "X",
    "Google",
    "Anthropic",
    "Anthropic",
    "DeepSeek",
    "OpenAI"
  ],
  "background": "GPT-4.1 Mini",
  "use_good_wins": false
}