{
  "models": [
    "Meta Llama 3.1 8B",
    "Qwen2.5 7B Instruct",
    "Mistral 7B Instruct",
    "GPT-4.1 Mini",
    "Grok 3 Mini",
    "Gemini 2.5 Flash Lite",
    "Claude Opus 4.1",
    "DeepSeek V3"
  ],
  "win_rates": [
    20.0,
    25.0,
    36.0,
    37.0,
    47.0,
    48.0,
    56.99999999999999,
    57.99999999999999
  ],
  "tie_win_rates": [
    7.000000000000001,
    7.000000000000001,
    14.000000000000002,
    16.0,
    0.0,
    1.0,
    0.0,
    9.0
  ],
  "errors": [
    4.0,
    4.330127018922194,
    4.8,
    4.828043081829325,
    4.990991885387111,
    4.995998398718719,
    4.950757517794625,
    4.935585071701227
  ],
  "companies": [
    "Meta",
    "Alibaba",
    "Mistral AI",
    "OpenAI",
    "X",
    "Google",
    "Anthropic",
    "DeepSeek"
  ],
  "background": "GPT-4.1 Mini",
  "use_good_wins": false
}