{
  "models": [
    "Llama 3.1 8B",
    "Qwen2.5 7B Instruct",
    "Mistral 7B Instruct",
    "Gemini 2.5 Flash Lite",
    "GPT-5 Mini",
    "GPT-4.1 Mini",
    "Grok 3 Mini",
    "Claude Opus 4.1",
    "Claude Sonnet 4",
    "DeepSeek V3.1",
    "GPT-5"
  ],
  "win_rates": [
    1.9607843137254901,
    2.941176470588235,
    2.941176470588235,
    7.8431372549019605,
    7.8431372549019605,
    7.8431372549019605,
    8.823529411764707,
    15.686274509803921,
    19.607843137254903,
    20.588235294117645,
    58.333333333333336
  ],
  "tie_win_rates": [
    0.0,
    0.0,
    2.0,
    1.0,
    0.0,
    1.0,
    1.0,
    2.0,
    0.0,
    0.0,
    0.0
  ],
  "errors": [
    1.3661431652776816,
    1.6647899311420227,
    1.6647899311420227,
    2.6490498818654418,
    2.6490498818654418,
    2.6490498818654418,
    2.79475630682286,
    3.583359928681498,
    3.9120386774527636,
    3.9841288249800635,
    13.673544235706117
  ],
  "companies": [
    "Meta",
    "Alibaba",
    "Mistral AI",
    "Google",
    "OpenAI",
    "OpenAI",
    "X",
    "Anthropic",
    "Anthropic",
    "DeepSeek",
    "OpenAI"
  ],
  "background": "Grok 3 Mini",
  "use_good_wins": false
}