{
  "models": [
    "Llama 3.1 8B",
    "Qwen2.5 7B Instruct",
    "GPT-4.1 Mini",
    "Claude Opus 4.1",
    "GPT-5 Mini",
    "Gemini 2.5 Flash Lite",
    "DeepSeek R1",
    "Claude Sonnet 4",
    "Mistral 7B Instruct",
    "DeepSeek V3.1",
    "Grok 3 Mini",
    "GPT-5"
  ],
  "win_rates": [
    35.0,
    45.0,
    45.0,
    48.0,
    49.0,
    50.0,
    50.0,
    50.0,
    50.7,
    51.0,
    59.0,
    80.0
  ],
  "tie_win_rates": [
    9.0,
    15.0,
    12.0,
    13.0,
    0.0,
    9.0,
    0.0,
    0.0,
    13.100000000000001,
    9.0,
    9.0,
    0.0
  ],
  "errors": [
    4.769696007084727,
    4.9749371855331,
    4.9749371855331,
    4.995998398718719,
    4.998999899979995,
    5.0,
    15.811388300841896,
    5.0,
    1.5809838708854687,
    4.998999899979995,
    4.9183330509431755,
    12.649110640673516
  ],
  "companies": [
    "Meta",
    "Alibaba",
    "OpenAI",
    "Anthropic",
    "OpenAI",
    "Google",
    "DeepSeek",
    "Anthropic",
    "Mistral AI",
    "DeepSeek",
    "X",
    "OpenAI"
  ],
  "background": "Mistral 7B Instruct",
  "use_good_wins": false
}