{
  "models": [
    "GPT-4.1 Mini",
    "Qwen2.5 7B Instruct",
    "Mistral 7B Instruct",
    "Llama 3.1 8B",
    "GPT-5 Mini",
    "Gemini 2.5 Flash Lite",
    "Claude Sonnet 4",
    "DeepSeek V3.1",
    "GPT-5",
    "Claude Opus 4.1",
    "Grok 3 Mini"
  ],
  "win_rates": [
    26.47058823529412,
    30.392156862745097,
    30.392156862745097,
    30.392156862745097,
    32.960893854748605,
    34.31372549019608,
    36.89320388349515,
    40.19607843137255,
    41.66666666666667,
    43.13725490196079,
    49.01960784313725
  ],
  "tie_win_rates": [
    0.0,
    0.0,
    0.0,
    0.0,
    10.734463276836157,
    0.0,
    0.0,
    0.0,
    0.0,
    0.0,
    0.0
  ],
  "errors": [
    4.347040933077764,
    4.5320139412985405,
    4.5320139412985405,
    4.5320139412985405,
    3.50370348644819,
    4.677918373668941,
    4.731453565441244,
    4.831011393712161,
    13.673544235706114,
    4.880019427105349,
    4.925699232033357
  ],
  "companies": [
    "OpenAI",
    "Alibaba",
    "Mistral AI",
    "Meta",
    "OpenAI",
    "Google",
    "Anthropic",
    "DeepSeek",
    "OpenAI",
    "Anthropic",
    "X"
  ],
  "background": "GPT-5 Mini",
  "use_good_wins": false
}