{
  "models": [
    "GPT-4.1 Mini",
    "Qwen2.5 7B Instruct",
    "Mistral 7B Instruct",
    "Llama 3.1 8B",
    "GPT-5 Mini",
    "Gemini 2.5 Flash Lite",
    "Claude Sonnet 4",
    "GPT-5",
    "DeepSeek V3.1",
    "Claude Opus 4.1",
    "Grok 3 Mini",
    "DeepSeek R1"
  ],
  "win_rates": [
    26.0,
    30.0,
    30.0,
    30.0,
    32.7683615819209,
    34.0,
    36.633663366336634,
    40.0,
    40.0,
    43.0,
    49.0,
    70.0
  ],
  "tie_win_rates": [
    0.0,
    0.0,
    0.0,
    0.0,
    10.734463276836157,
    0.0,
    0.0,
    0.0,
    0.0,
    0.0,
    0.0,
    0.0
  ],
  "errors": [
    4.386342439892262,
    4.58257569495584,
    4.58257569495584,
    4.58257569495584,
    3.5279918884732746,
    4.737087712930804,
    4.794118761871323,
    15.491933384829668,
    4.898979485566356,
    4.950757517794625,
    4.998999899979995,
    14.491376746189438
  ],
  "companies": [
    "OpenAI",
    "Alibaba",
    "Mistral AI",
    "Meta",
    "OpenAI",
    "Google",
    "Anthropic",
    "OpenAI",
    "DeepSeek",
    "Anthropic",
    "X",
    "DeepSeek"
  ],
  "background": "GPT-5 Mini",
  "use_good_wins": false
}