{
  "models": [
    "Llama 3.1 8B",
    "Qwen2.5 7B Instruct",
    "GPT-4.1 Mini",
    "Claude Opus 4.1",
    "GPT-5 Mini",
    "Gemini 2.5 Flash Lite",
    "Claude Sonnet 4",
    "Mistral 7B Instruct",
    "DeepSeek V3.1",
    "Grok 3 Mini"
  ],
  "win_rates": [
    35.294117647058826,
    45.09803921568628,
    45.09803921568628,
    48.03921568627451,
    49.01960784313725,
    50.0,
    50.0,
    50.69860279441117,
    50.98039215686274,
    58.82352941176471
  ],
  "tie_win_rates": [
    9.0,
    15.0,
    12.0,
    13.0,
    0.0,
    9.0,
    0.0,
    13.100000000000001,
    9.0,
    9.0
  ],
  "errors": [
    4.708736998246439,
    4.902912528965799,
    4.902912528965799,
    4.9228566622677,
    4.925699232033357,
    4.926646390821466,
    4.926646390821466,
    1.5786183346825329,
    4.925699232033357,
    4.849327176551406
  ],
  "companies": [
    "Meta",
    "Alibaba",
    "OpenAI",
    "Anthropic",
    "OpenAI",
    "Google",
    "Anthropic",
    "Mistral AI",
    "DeepSeek",
    "X"
  ],
  "background": "Mistral 7B Instruct",
  "use_good_wins": false
}