{
  "models": [
    "Llama 3.1 8B",
    "Qwen2.5 7B Instruct",
    "Mistral 7B Instruct",
    "Gemini 2.5 Flash Lite",
    "GPT-5 Mini",
    "GPT-4.1 Mini",
    "Grok 3 Mini",
    "DeepSeek R1",
    "Claude Opus 4.1",
    "Claude Sonnet 4",
    "DeepSeek V3.1",
    "GPT-5"
  ],
  "win_rates": [
    1.0,
    2.0,
    2.0,
    7.000000000000001,
    7.000000000000001,
    7.000000000000001,
    8.0,
    11.11111111111111,
    15.0,
    19.0,
    20.0,
    60.0
  ],
  "tie_win_rates": [
    0.0,
    0.0,
    2.0,
    1.0,
    0.0,
    1.0,
    1.0,
    0.0,
    2.0,
    0.0,
    0.0,
    0.0
  ],
  "errors": [
    0.99498743710662,
    1.4000000000000001,
    1.4000000000000001,
    2.551470164434615,
    2.551470164434615,
    2.551470164434615,
    2.7129319932501073,
    5.237828008789241,
    3.570714214271425,
    3.9230090491866063,
    4.0,
    15.491933384829668
  ],
  "companies": [
    "Meta",
    "Alibaba",
    "Mistral AI",
    "Google",
    "OpenAI",
    "OpenAI",
    "X",
    "DeepSeek",
    "Anthropic",
    "Anthropic",
    "DeepSeek",
    "OpenAI"
  ],
  "background": "Grok 3 Mini",
  "use_good_wins": false
}