{
  "models": [
    "GPT-4.1 Mini",
    "Qwen2.5 7B Instruct",
    "Mistral 7B Instruct",
    "Llama 3.1 8B",
    "GPT-5 Mini",
    "Gemini 2.5 Flash Lite",
    "Claude Opus 4.1",
    "Claude Sonnet 4",
    "DeepSeek V3.1",
    "Grok 3 Mini",
    "DeepSeek R1",
    "GPT-5"
  ],
  "win_rates": [
    49.0,
    50.0,
    52.0,
    53.0,
    56.99999999999999,
    57.99999999999999,
    60.0,
    62.0,
    70.0,
    76.0,
    80.0,
    100.0
  ],
  "tie_win_rates": [
    1.0,
    2.0,
    2.0,
    1.0,
    0.0,
    0.0,
    0.0,
    1.0,
    3.0,
    0.0,
    0.0,
    0.0
  ],
  "errors": [
    4.998999899979995,
    5.0,
    4.995998398718719,
    4.990991885387111,
    4.950757517794625,
    4.935585071701227,
    15.491933384829668,
    4.853864439804639,
    4.582575694955841,
    4.2708313008125245,
    12.649110640673516,
    0.0
  ],
  "companies": [
    "OpenAI",
    "Alibaba",
    "Mistral AI",
    "Meta",
    "OpenAI",
    "Google",
    "Anthropic",
    "Anthropic",
    "DeepSeek",
    "X",
    "DeepSeek",
    "OpenAI"
  ],
  "background": "DeepSeek V3.1",
  "use_good_wins": true
}