{
  "models": [
    "GPT-5",
    "Claude Sonnet 4",
    "GPT-5 Mini",
    "GPT-4.1 Mini",
    "Llama 3.1 8B",
    "Mistral 7B Instruct",
    "Qwen2.5 7B Instruct",
    "Claude Opus 4.1",
    "DeepSeek V3.1",
    "Gemini 2.5 Flash Lite",
    "DeepSeek R1",
    "Grok 3 Mini"
  ],
  "win_rates": [
    40.0,
    42.0,
    45.0,
    46.0,
    48.0,
    49.3,
    50.0,
    50.0,
    52.0,
    59.0,
    60.0,
    70.0
  ],
  "tie_win_rates": [
    0.0,
    0.0,
    0.0,
    6.0,
    6.0,
    6.5,
    8.0,
    0.0,
    4.0,
    0.0,
    0.0,
    4.0
  ],
  "errors": [
    15.491933384829668,
    4.935585071701227,
    4.9749371855331,
    4.983974317750845,
    4.995998398718719,
    1.5809838708854687,
    5.0,
    15.811388300841896,
    4.995998398718719,
    4.9183330509431755,
    15.491933384829668,
    4.582575694955841
  ],
  "companies": [
    "OpenAI",
    "Anthropic",
    "OpenAI",
    "OpenAI",
    "Meta",
    "Mistral AI",
    "Alibaba",
    "Anthropic",
    "DeepSeek",
    "Google",
    "DeepSeek",
    "X"
  ],
  "background": "Mistral 7B Instruct",
  "use_good_wins": true
}