{
  "models": [
    "Claude Sonnet 4",
    "GPT-5 Mini",
    "Gemini 2.5 Flash Lite",
    "Mistral 7B Instruct",
    "Llama 3.1 8B",
    "GPT-4.1 Mini",
    "Qwen2.5 7B Instruct",
    "DeepSeek V3.1",
    "DeepSeek R1",
    "Grok 3 Mini",
    "Claude Opus 4.1",
    "GPT-5"
  ],
  "win_rates": [
    54.0,
    56.00000000000001,
    60.0,
    63.0,
    63.0,
    63.0,
    70.0,
    73.0,
    80.0,
    82.0,
    90.0,
    100.0
  ],
  "tie_win_rates": [
    8.0,
    0.0,
    4.0,
    18.0,
    7.000000000000001,
    6.0,
    6.0,
    5.0,
    0.0,
    1.0,
    0.0,
    0.0
  ],
  "errors": [
    4.983974317750845,
    4.963869458396342,
    4.898979485566356,
    4.828043081829325,
    4.828043081829325,
    4.828043081829325,
    4.582575694955841,
    4.439594576084622,
    12.649110640673516,
    3.84187454245971,
    9.486832980505138,
    0.0
  ],
  "companies": [
    "Anthropic",
    "OpenAI",
    "Google",
    "Mistral AI",
    "Meta",
    "OpenAI",
    "Alibaba",
    "DeepSeek",
    "DeepSeek",
    "X",
    "Anthropic",
    "OpenAI"
  ],
  "background": "GPT-4.1 Mini",
  "use_good_wins": true
}