{
  "models": [
    "Qwen2.5 7B Instruct",
    "Llama 3.1 8B",
    "Mistral 7B Instruct",
    "GPT-5 Mini",
    "Claude Sonnet 4",
    "Gemini 2.5 Flash Lite",
    "GPT-4.1 Mini",
    "Claude Opus 4.1",
    "DeepSeek V3.1",
    "GPT-5",
    "Grok 3 Mini"
  ],
  "win_rates": [
    63.725490196078425,
    63.725490196078425,
    64.70588235294117,
    67.0391061452514,
    69.6078431372549,
    70.58823529411765,
    74.25742574257426,
    83.33333333333334,
    86.27450980392157,
    92.3076923076923,
    97.05882352941177
  ],
  "tie_win_rates": [
    0.0,
    0.0,
    0.0,
    5.084745762711865,
    0.0,
    0.0,
    0.0,
    0.0,
    0.0,
    0.0,
    0.0
  ],
  "errors": [
    4.73738582502206,
    4.73738582502206,
    4.708736998246439,
    3.50370348644819,
    4.5320139412985405,
    4.489604570424568,
    3.0686539276693408,
    10.336227882434038,
    3.3906781669593946,
    7.1216930751734715,
    1.6647899311420227
  ],
  "companies": [
    "Alibaba",
    "Meta",
    "Mistral AI",
    "OpenAI",
    "Anthropic",
    "Google",
    "OpenAI",
    "Anthropic",
    "DeepSeek",
    "OpenAI",
    "X"
  ],
  "background": "GPT-5 Mini",
  "use_good_wins": true
}