{
  "models": [
    "GPT-5",
    "Claude Sonnet 4",
    "GPT-5 Mini",
    "GPT-4.1 Mini",
    "Llama 3.1 8B",
    "Mistral 7B Instruct",
    "Qwen2.5 7B Instruct",
    "Claude Opus 4.1",
    "DeepSeek V3.1",
    "Gemini 2.5 Flash Lite",
    "Grok 3 Mini"
  ],
  "win_rates": [
    41.66666666666667,
    42.15686274509804,
    45.09803921568628,
    46.07843137254902,
    48.03921568627451,
    49.30139720558882,
    50.0,
    50.0,
    51.9607843137255,
    58.82352941176471,
    69.6078431372549
  ],
  "tie_win_rates": [
    0.0,
    0.0,
    0.0,
    6.0,
    6.0,
    6.5,
    8.0,
    0.0,
    4.0,
    0.0,
    4.0
  ],
  "errors": [
    13.673544235706114,
    4.865656540778747,
    4.902912528965799,
    4.911469931532859,
    4.9228566622677,
    1.578618334682533,
    4.926646390821466,
    13.867504905630728,
    4.9228566622677,
    4.849327176551406,
    4.5320139412985405
  ],
  "companies": [
    "OpenAI",
    "Anthropic",
    "OpenAI",
    "OpenAI",
    "Meta",
    "Mistral AI",
    "Alibaba",
    "Anthropic",
    "DeepSeek",
    "Google",
    "X"
  ],
  "background": "Mistral 7B Instruct",
  "use_good_wins": true
}