{
  "models": [
    "Claude Sonnet 4",
    "GPT-5 Mini",
    "Gemini 2.5 Flash Lite",
    "Mistral 7B Instruct",
    "Llama 3.1 8B",
    "GPT-4.1 Mini",
    "Qwen2.5 7B Instruct",
    "DeepSeek V3.1",
    "Grok 3 Mini",
    "Claude Opus 4.1",
    "GPT-5"
  ],
  "win_rates": [
    53.92156862745098,
    55.88235294117647,
    59.80392156862745,
    62.745098039215684,
    62.745098039215684,
    62.745098039215684,
    69.6078431372549,
    72.54901960784314,
    81.37254901960785,
    83.33333333333334,
    91.66666666666666
  ],
  "tie_win_rates": [
    8.0,
    0.0,
    4.0,
    18.0,
    7.000000000000001,
    6.0,
    6.0,
    5.0,
    1.0,
    0.0,
    0.0
  ],
  "errors": [
    4.911469931532859,
    4.892433154734757,
    4.831011393712161,
    4.763903999883358,
    4.763903999883358,
    4.763903999883358,
    4.5320139412985405,
    4.397198705271551,
    3.8361630911961195,
    10.336227882434038,
    7.665551758398334
  ],
  "companies": [
    "Anthropic",
    "OpenAI",
    "Google",
    "Mistral AI",
    "Meta",
    "OpenAI",
    "Alibaba",
    "DeepSeek",
    "X",
    "Anthropic",
    "OpenAI"
  ],
  "background": "GPT-4.1 Mini",
  "use_good_wins": true
}