{
  "models": [
    "Claude Sonnet 4",
    "Mistral 7B Instruct",
    "Llama 3.1 8B",
    "Qwen2.5 7B Instruct",
    "Gemini 2.5 Flash Lite",
    "GPT-5 Mini",
    "GPT-4.1 Mini",
    "DeepSeek V3.1",
    "Claude Opus 4.1",
    "Grok 3 Mini"
  ],
  "win_rates": [
    44.11764705882353,
    51.9607843137255,
    51.9607843137255,
    53.92156862745098,
    64.70588235294117,
    65.68627450980392,
    67.64705882352942,
    74.50980392156863,
    77.45098039215686,
    91.17647058823529
  ],
  "tie_win_rates": [
    0.0,
    0.0,
    0.0,
    0.0,
    0.0,
    0.0,
    0.0,
    0.0,
    0.0,
    0.0
  ],
  "errors": [
    4.892433154734757,
    4.9228566622677,
    4.9228566622677,
    4.911469931532859,
    4.708736998246439,
    4.677918373668941,
    4.609594589590022,
    4.294125035741861,
    4.117737708972887,
    2.7947563068228605
  ],
  "companies": [
    "Anthropic",
    "Mistral AI",
    "Meta",
    "Alibaba",
    "Google",
    "OpenAI",
    "OpenAI",
    "DeepSeek",
    "Anthropic",
    "X"
  ],
  "background": "Grok 3 Mini",
  "use_good_wins": true
}