{
  "models": [
    "GPT-4.1 Mini",
    "Qwen2.5 7B Instruct",
    "Mistral 7B Instruct",
    "Llama 3.1 8B",
    "GPT-5 Mini",
    "Claude Opus 4.1",
    "Gemini 2.5 Flash Lite",
    "Claude Sonnet 4",
    "DeepSeek V3.1",
    "Grok 3 Mini"
  ],
  "win_rates": [
    49.01960784313725,
    50.0,
    51.9607843137255,
    52.94117647058824,
    56.86274509803921,
    57.57575757575758,
    57.84313725490197,
    61.76470588235294,
    69.6078431372549,
    75.49019607843137
  ],
  "tie_win_rates": [
    1.0,
    2.0,
    2.0,
    1.0,
    0.0,
    0.0,
    0.0,
    1.0,
    3.0,
    0.0
  ],
  "errors": [
    4.925699232033357,
    4.926646390821466,
    4.9228566622677,
    4.918115394999654,
    4.880019427105349,
    8.475931142936712,
    4.865656540778747,
    4.788326922173238,
    4.5320139412985405,
    4.238347708699244
  ],
  "companies": [
    "OpenAI",
    "Alibaba",
    "Mistral AI",
    "Meta",
    "OpenAI",
    "Anthropic",
    "Google",
    "Anthropic",
    "DeepSeek",
    "X"
  ],
  "background": "DeepSeek V3.1",
  "use_good_wins": true
}