{
  "models": [
    "Qwen2.5 7B Instruct",
    "Llama 3.1 8B",
    "Mistral 7B Instruct",
    "GPT-5 Mini",
    "Claude Sonnet 4",
    "Gemini 2.5 Flash Lite",
    "GPT-4.1 Mini",
    "DeepSeek V3.1",
    "DeepSeek R1",
    "Claude Opus 4.1",
    "Grok 3 Mini",
    "GPT-5"
  ],
  "win_rates": [
    64.0,
    64.0,
    65.0,
    67.2316384180791,
    70.0,
    71.0,
    74.5,
    87.0,
    90.0,
    90.0,
    98.0,
    100.0
  ],
  "tie_win_rates": [
    0.0,
    0.0,
    0.0,
    5.084745762711865,
    0.0,
    0.0,
    0.0,
    0.0,
    0.0,
    0.0,
    0.0,
    0.0
  ],
  "errors": [
    4.8,
    4.8,
    4.769696007084727,
    3.5279918884732746,
    4.582575694955841,
    4.537620521815371,
    3.0820042180373473,
    3.363034344160047,
    9.486832980505138,
    9.486832980505138,
    1.4000000000000006,
    0.0
  ],
  "companies": [
    "Alibaba",
    "Meta",
    "Mistral AI",
    "OpenAI",
    "Anthropic",
    "Google",
    "OpenAI",
    "DeepSeek",
    "DeepSeek",
    "Anthropic",
    "X",
    "OpenAI"
  ],
  "background": "GPT-5 Mini",
  "use_good_wins": true
}