{
  "models": [
    "Claude Sonnet 4",
    "Mistral 7B Instruct",
    "Llama 3.1 8B",
    "Qwen2.5 7B Instruct",
    "Gemini 2.5 Flash Lite",
    "GPT-5 Mini",
    "GPT-4.1 Mini",
    "DeepSeek V3.1",
    "DeepSeek R1",
    "GPT-5",
    "Claude Opus 4.1",
    "Grok 3 Mini"
  ],
  "win_rates": [
    44.0,
    52.0,
    52.0,
    54.0,
    65.0,
    66.0,
    68.0,
    75.0,
    80.0,
    81.81818181818183,
    90.0,
    92.0
  ],
  "tie_win_rates": [
    0.0,
    0.0,
    0.0,
    0.0,
    0.0,
    0.0,
    0.0,
    0.0,
    0.0,
    0.0,
    0.0,
    0.0
  ],
  "errors": [
    4.963869458396343,
    4.995998398718719,
    4.995998398718719,
    4.983974317750845,
    4.769696007084727,
    4.737087712930804,
    4.66476151587624,
    4.330127018922194,
    12.649110640673516,
    11.629129983033296,
    9.486832980505138,
    2.7129319932501064
  ],
  "companies": [
    "Anthropic",
    "Mistral AI",
    "Meta",
    "Alibaba",
    "Google",
    "OpenAI",
    "OpenAI",
    "DeepSeek",
    "DeepSeek",
    "OpenAI",
    "Anthropic",
    "X"
  ],
  "background": "Grok 3 Mini",
  "use_good_wins": true
}