{
  "models": [
    "Meta Llama 3.1 8B",
    "Mistral 7B Instruct",
    "Qwen2.5 7B Instruct",
    "GPT-4.1 Mini",
    "Grok 3 Mini",
    "Claude Sonnet 4",
    "Gemini 2.5 Flash Lite",
    "DeepSeek V3"
  ],
  "win_rates": [
    28.000000000000004,
    62.0,
    75.0,
    88.0,
    92.0,
    96.0,
    97.0,
    98.0
  ],
  "tie_win_rates": [
    12.0,
    1.0,
    4.0,
    0.0,
    0.0,
    0.0,
    0.0,
    0.0
  ],
  "errors": [
    4.48998886412873,
    4.853864439804639,
    4.330127018922194,
    3.249615361854384,
    2.7129319932501064,
    1.9595917942265433,
    1.7058722109231987,
    1.4000000000000006
  ],
  "companies": [
    "Meta",
    "Mistral AI",
    "Alibaba",
    "OpenAI",
    "X",
    "Anthropic",
    "Google",
    "DeepSeek"
  ],
  "background": "Grok 3 Mini",
  "use_good_wins": true
}