{
  "models": [
    "Meta Llama 3.1 8B",
    "Qwen2.5 7B Instruct",
    "Gemini 2.5 Flash Lite",
    "Mistral 7B Instruct",
    "GPT-4.1 Mini",
    "DeepSeek V3",
    "Claude Sonnet 4",
    "Grok 3 Mini"
  ],
  "win_rates": [
    19.0,
    45.0,
    52.0,
    54.0,
    63.0,
    64.0,
    69.0,
    79.0
  ],
  "tie_win_rates": [
    4.0,
    4.0,
    5.0,
    4.0,
    6.0,
    6.0,
    3.0,
    5.0
  ],
  "errors": [
    3.9230090491866063,
    4.9749371855331,
    4.995998398718719,
    4.983974317750845,
    4.828043081829325,
    4.8,
    4.624932431938871,
    4.07308237088326
  ],
  "companies": [
    "Meta",
    "Alibaba",
    "Google",
    "Mistral AI",
    "OpenAI",
    "DeepSeek",
    "Anthropic",
    "X"
  ],
  "background": "GPT-4.1 Mini",
  "use_good_wins": true
}