{
  "models": [
    "Llama3.1 8B Instruct",
    "Qwen2.5 7B Instruct",
    "Mistral 7B Instruct",
    "Gemini 2.5 Flash Lite",
    "GPT-4.1 Mini",
    "Claude Sonnet 4",
    "Grok 3 Mini",
    "DeepSeek V3"
  ],
  "win_rates": [
    17.0,
    28.000000000000004,
    45.0,
    50.0,
    60.0,
    62.0,
    64.0,
    70.0
  ],
  "tie_win_rates": [
    4.0,
    2.0,
    3.0,
    1.0,
    0.0,
    1.0,
    0.0,
    3.0
  ],
  "errors": [
    3.75632799419859,
    4.48998886412873,
    4.9749371855331,
    5.0,
    4.898979485566356,
    4.853864439804639,
    4.8,
    4.582575694955841
  ],
  "companies": [
    "Meta",
    "Alibaba",
    "Mistral AI",
    "Google",
    "OpenAI",
    "Anthropic",
    "X",
    "DeepSeek"
  ],
  "background": "DeepSeek V3",
  "use_good_wins": true
}