{
  "models": [
    "Llama3.1 8B Instruct",
    "Qwen2.5 7B Instruct",
    "Grok 3 Mini",
    "Mistral 7B Instruct",
    "Gemini 2.5 Flash Lite",
    "DeepSeek V3",
    "GPT-4.1 Mini",
    "Claude Sonnet 4"
  ],
  "win_rates": [
    26.0,
    46.0,
    54.0,
    56.00000000000001,
    56.99999999999999,
    56.99999999999999,
    62.0,
    63.0
  ],
  "tie_win_rates": [
    9.0,
    9.0,
    9.0,
    9.0,
    6.0,
    7.000000000000001,
    6.0,
    4.0
  ],
  "errors": [
    4.386342439892262,
    4.983974317750845,
    4.983974317750845,
    4.963869458396342,
    4.950757517794625,
    4.950757517794625,
    4.853864439804639,
    4.828043081829325
  ],
  "companies": [
    "Meta",
    "Alibaba",
    "X",
    "Mistral AI",
    "Google",
    "DeepSeek",
    "OpenAI",
    "Anthropic"
  ],
  "background": "Mistral 7B Instruct",
  "use_good_wins": true
}