{
  "models": [
    "Llama3.1 8B Instruct",
    "Mistral 7B Instruct",
    "Qwen2.5 7B Instruct",
    "GPT-4.1 Mini",
    "Claude Opus 4.1",
    "Gemini 2.5 Flash Lite",
    "DeepSeek V3",
    "Grok 3 Mini"
  ],
  "win_rates": [
    35.0,
    44.0,
    45.0,
    45.0,
    48.0,
    50.0,
    51.0,
    59.0
  ],
  "tie_win_rates": [
    9.0,
    14.000000000000002,
    15.0,
    12.0,
    13.0,
    9.0,
    9.0,
    9.0
  ],
  "errors": [
    4.769696007084727,
    4.963869458396343,
    4.9749371855331,
    4.9749371855331,
    4.995998398718719,
    5.0,
    4.998999899979995,
    4.9183330509431755
  ],
  "companies": [
    "Meta",
    "Mistral AI",
    "Alibaba",
    "OpenAI",
    "Anthropic",
    "Google",
    "DeepSeek",
    "X"
  ],
  "background": "Mistral 7B Instruct",
  "use_good_wins": false
}