{
  "models": [
    "Qwen2.5 7B Instruct",
    "Mistral 7B Instruct",
    "GPT-4.1 Mini",
    "Meta Llama 3.1 8B",
    "Grok 3 Mini",
    "Claude Opus 4.1",
    "Gemini 2.5 Flash Lite",
    "DeepSeek V3"
  ],
  "win_rates": [
    3.0,
    11.0,
    11.0,
    12.0,
    14.000000000000002,
    23.0,
    24.0,
    30.0
  ],
  "tie_win_rates": [
    2.0,
    4.0,
    3.0,
    5.0,
    0.0,
    1.0,
    4.0,
    2.0
  ],
  "errors": [
    1.7058722109231979,
    3.1288975694324033,
    3.1288975694324033,
    3.249615361854384,
    3.4698703145794942,
    4.208325082500163,
    4.2708313008125245,
    4.58257569495584
  ],
  "companies": [
    "Alibaba",
    "Mistral AI",
    "OpenAI",
    "Meta",
    "X",
    "Anthropic",
    "Google",
    "DeepSeek"
  ],
  "background": "DeepSeek V3",
  "use_good_wins": false
}