{
  "models": [
    "Llama3.1 8B Instruct",
    "Qwen2.5 7B Instruct",
    "Mistral 7B Instruct",
    "Gemini 2.5 Flash Lite",
    "GPT-4.1 Mini",
    "Grok 3 Mini",
    "Claude Opus 4.1",
    "DeepSeek V3"
  ],
  "win_rates": [
    1.0,
    2.0,
    2.0,
    7.000000000000001,
    7.000000000000001,
    8.0,
    15.0,
    20.0
  ],
  "tie_win_rates": [
    0.0,
    0.0,
    2.0,
    1.0,
    1.0,
    1.0,
    2.0,
    0.0
  ],
  "errors": [
    0.99498743710662,
    1.4000000000000001,
    1.4000000000000001,
    2.551470164434615,
    2.551470164434615,
    2.7129319932501073,
    3.570714214271425,
    4.0
  ],
  "companies": [
    "Meta",
    "Alibaba",
    "Mistral AI",
    "Google",
    "OpenAI",
    "X",
    "Anthropic",
    "DeepSeek"
  ],
  "background": "Grok 3 Mini",
  "use_good_wins": false
}