{
  "models": [
    "GPT-4.1 Mini",
    "Qwen2.5 7B Instruct",
    "Mistral 7B Instruct",
    "Llama3.1 8B Instruct",
    "Gemini 2.5 Flash Lite",
    "Claude Sonnet 4",
    "DeepSeek V3",
    "Grok 3 Mini"
  ],
  "win_rates": [
    49.0,
    50.0,
    52.0,
    53.0,
    57.99999999999999,
    62.0,
    70.0,
    76.0
  ],
  "tie_win_rates": [
    1.0,
    2.0,
    2.0,
    1.0,
    0.0,
    1.0,
    3.0,
    0.0
  ],
  "errors": [
    4.998999899979995,
    5.0,
    4.995998398718719,
    4.990991885387111,
    4.935585071701227,
    4.853864439804639,
    4.582575694955841,
    4.2708313008125245
  ],
  "companies": [
    "OpenAI",
    "Alibaba",
    "Mistral AI",
    "Meta",
    "Google",
    "Anthropic",
    "DeepSeek",
    "X"
  ],
  "background": "DeepSeek V3",
  "use_good_wins": true
}