{
  "models": [
    "Claude Sonnet 4",
    "Gemini 2.5 Flash Lite",
    "Mistral 7B Instruct",
    "Meta Llama 3.1 8B",
    "GPT-4.1 Mini",
    "Qwen2.5 7B Instruct",
    "DeepSeek V3",
    "Grok 3 Mini"
  ],
  "win_rates": [
    54.0,
    60.0,
    63.0,
    63.0,
    63.0,
    70.0,
    73.0,
    82.0
  ],
  "tie_win_rates": [
    8.0,
    4.0,
    18.0,
    7.000000000000001,
    6.0,
    6.0,
    5.0,
    1.0
  ],
  "errors": [
    4.983974317750845,
    4.898979485566356,
    4.828043081829325,
    4.828043081829325,
    4.828043081829325,
    4.582575694955841,
    4.439594576084622,
    3.84187454245971
  ],
  "companies": [
    "Anthropic",
    "Google",
    "Mistral AI",
    "Meta",
    "OpenAI",
    "Alibaba",
    "DeepSeek",
    "X"
  ],
  "background": "GPT-4.1 Mini",
  "use_good_wins": true
}