{
  "models": [
    "GPT-4.1 Mini",
    "Meta Llama 3.1 8B",
    "Mistral 7B Instruct",
    "Qwen2.5 7B Instruct",
    "DeepSeek V3",
    "Grok 3 Mini"
  ],
  "win_rates": [
    46.0,
    48.0,
    49.3,
    50.0,
    52.0,
    70.0
  ],
  "tie_win_rates": [
    6.0,
    6.0,
    6.5,
    8.0,
    4.0,
    4.0
  ],
  "errors": [
    4.983974317750845,
    4.995998398718719,
    1.5809838708854687,
    5.0,
    4.995998398718719,
    4.582575694955841
  ],
  "companies": [
    "OpenAI",
    "Meta",
    "Mistral AI",
    "Alibaba",
    "DeepSeek",
    "X"
  ],
  "background": "Mistral 7B Instruct",
  "use_good_wins": true
}